,Close,Open,High,Low,Oi,Volume
2019-09-27,7940.0,8020.0,8068.0,7901.0,15074.0,39914
2019-09-30,7976.0,7905.0,7999.0,7905.0,13464.0,13738
2019-10-08,7968.0,7950.0,7998.0,7920.0,14208.0,5470
2019-10-09,7952.0,7971.0,8018.0,7940.0,15982.0,12898
2019-10-10,7843.0,7950.0,7968.0,7835.0,21110.0,44770
2019-10-11,7826.0,7832.0,7880.0,7794.0,22516.0,29642
2019-10-14,7770.0,7828.0,7850.0,7756.0,29566.0,29722
2019-10-15,7649.0,7760.0,7760.0,7592.0,41682.0,63492
2019-10-16,7526.0,7675.0,7676.0,7490.0,49354.0,72992
2019-10-17,7478.0,7510.0,7518.0,7425.0,56138.0,77818
2019-10-18,7546.0,7490.0,7574.0,7467.0,52790.0,83618
2019-10-21,7494.0,7560.0,7585.0,7466.0,50434.0,51658
2019-10-22,7469.0,7503.0,7509.0,7409.0,53952.0,45254
2019-10-23,7447.0,7502.0,7515.0,7442.0,57744.0,35850
2019-10-24,7509.0,7430.0,7544.0,7400.0,58202.0,68886
2019-10-25,7456.0,7520.0,7530.0,7455.0,57380.0,30064
2019-10-28,7430.0,7450.0,7502.0,7411.0,62422.0,43822
2019-10-29,7383.0,7430.0,7456.0,7370.0,68518.0,48806
2019-10-30,7336.0,7370.0,7399.0,7325.0,85466.0,78382
2019-10-31,7325.0,7320.0,7354.0,7316.0,90862.0,46746
2019-11-01,7248.0,7316.0,7350.0,7244.0,100808.0,90632
2019-11-04,7312.0,7251.0,7321.0,7250.0,104660.0,62688
2019-11-05,7331.0,7313.0,7372.0,7305.0,99802.0,73658
2019-11-06,7330.0,7356.0,7362.0,7324.0,103980.0,40314
2019-11-07,7258.0,7327.0,7336.0,7228.0,115178.0,69388
2019-11-08,7087.0,7293.0,7294.0,7070.0,141620.0,144936
2019-11-11,6963.0,7088.0,7097.0,6953.0,146960.0,159342
2019-11-12,6951.0,6958.0,6982.0,6905.0,153906.0,140044
2019-11-13,6964.0,6950.0,7068.0,6941.0,148480.0,216358
2019-11-14,6940.0,6976.0,6982.0,6872.0,151002.0,151534
2019-11-15,6949.0,6940.0,6992.0,6925.0,146132.0,127474
2019-11-18,7004.0,6950.0,7019.0,6935.0,143798.0,124220
2019-11-19,6954.0,6997.0,7020.0,6911.0,146794.0,121994
2019-11-20,6930.0,6947.0,6950.0,6888.0,156852.0,115786
2019-11-21,6974.0,6932.0,6992.0,6912.0,167874.0,120230
2019-11-22,6986.0,6976.0,7046.0,6962.0,173650.0,141002
2019-11-25,7086.0,6986.0,7087.0,6986.0,176850.0,136864
2019-11-26,7150.0,7085.0,7156.0,7036.0,177746.0,196082
2019-11-27,7141.0,7153.0,7235.0,7126.0,188986.0,273166
2019-11-28,7152.0,7160.0,7194.0,7106.0,189910.0,161864
2019-11-29,7125.0,7164.0,7164.0,7070.0,189486.0,135114
2019-12-02,7056.0,7114.0,7144.0,7010.0,193284.0,153790
2019-12-03,7167.0,7055.0,7191.0,7053.0,183236.0,191566
2019-12-04,7176.0,7170.0,7264.0,7156.0,185188.0,217702
2019-12-05,7302.0,7200.0,7324.0,7200.0,180650.0,220546
2019-12-06,7327.0,7330.0,7343.0,7281.0,180614.0,128312
2019-12-09,7276.0,7326.0,7494.0,7268.0,153414.0,301988
2019-12-10,7376.0,7270.0,7381.0,7266.0,151446.0,250584
2019-12-11,7268.0,7396.0,7443.0,7246.0,160198.0,300926
2019-12-12,7326.0,7270.0,7331.0,7220.0,165808.0,189860
2019-12-13,7323.0,7333.0,7388.0,7261.0,162126.0,217204
2019-12-16,7346.0,7330.0,7383.0,7302.0,158658.0,184424
2019-12-17,7430.0,7330.0,7447.0,7330.0,158610.0,171806
2019-12-18,7364.0,7450.0,7480.0,7343.0,150836.0,164856
2019-12-19,7434.0,7376.0,7442.0,7344.0,158528.0,141424
2019-12-20,7404.0,7430.0,7466.0,7394.0,157878.0,139676
2019-12-23,7350.0,7420.0,7424.0,7315.0,159432.0,169854
2019-12-24,7359.0,7356.0,7380.0,7323.0,158158.0,103132
2019-12-25,7351.0,7370.0,7392.0,7346.0,157148.0,91274
2019-12-26,7366.0,7348.0,7375.0,7320.0,159656.0,78036
2019-12-27,7408.0,7367.0,7419.0,7352.0,154914.0,133284
2019-12-30,7375.0,7408.0,7426.0,7373.0,149130.0,125352
2019-12-31,7276.0,7382.0,7397.0,7237.0,161604.0,210796
2020-01-02,7291.0,7288.0,7336.0,7261.0,81424.0,38527
2020-01-03,7321.0,7294.0,7345.0,7271.0,79582.0,49829
2020-01-06,7387.0,7330.0,7410.0,7316.0,75131.0,59768
2020-01-07,7318.0,7390.0,7390.0,7281.0,75409.0,51068
2020-01-08,7374.0,7308.0,7438.0,7303.0,68952.0,72616
2020-01-09,7305.0,7344.0,7385.0,7266.0,67645.0,58620
2020-01-10,7428.0,7311.0,7428.0,7259.0,68950.0,72901
2020-01-13,7541.0,7438.0,7566.0,7422.0,81191.0,156246
2020-01-14,7541.0,7541.0,7587.0,7478.0,84049.0,89977
2020-01-15,7531.0,7551.0,7576.0,7480.0,85644.0,84802
2020-01-16,7467.0,7530.0,7550.0,7389.0,75426.0,85693
2020-01-17,7459.0,7459.0,7498.0,7440.0,75284.0,50251
2020-01-20,7515.0,7470.0,7530.0,7456.0,75192.0,59879
2020-01-21,7434.0,7510.0,7538.0,7421.0,68443.0,52832
2020-01-22,7394.0,7420.0,7438.0,7310.0,59901.0,57500
2020-01-23,7282.0,7395.0,7410.0,7266.0,58260.0,31343
2020-02-03,6890.0,6890.0,6930.0,6890.0,52889.0,23458
2020-02-04,6865.0,6700.0,6876.0,6497.0,50829.0,52335
2020-02-05,6945.0,6810.0,7013.0,6810.0,53123.0,54850
2020-02-06,6991.0,6980.0,7022.0,6925.0,54077.0,33204
2020-02-07,6971.0,6973.0,6985.0,6943.0,54337.0,21261
2020-02-10,6966.0,6950.0,6989.0,6923.0,56366.0,18906
2020-02-11,6938.0,6943.0,6980.0,6913.0,58774.0,31114
2020-02-12,6868.0,6920.0,6948.0,6816.0,63052.0,52092
2020-02-13,6879.0,6890.0,6898.0,6831.0,64599.0,32509
2020-02-14,6886.0,6883.0,6915.0,6841.0,63968.0,31708
2020-02-17,6956.0,6899.0,6990.0,6870.0,64734.0,34639
2020-02-18,6938.0,6956.0,7008.0,6930.0,67270.0,35577
2020-02-19,7000.0,6956.0,7030.0,6935.0,70837.0,37556
2020-02-20,7027.0,7020.0,7068.0,6983.0,73354.0,43138
2020-02-21,7044.0,7027.0,7078.0,7012.0,75500.0,40470
2020-02-24,7024.0,7007.0,7030.0,6951.0,73266.0,34752
2020-02-25,7009.0,6966.0,7020.0,6954.0,73157.0,26606
2020-02-26,6911.0,6980.0,7044.0,6907.0,73694.0,46827
2020-02-27,6840.0,6883.0,6890.0,6820.0,74043.0,31452
2020-02-28,6697.0,6800.0,6829.0,6681.0,70808.0,44962
2020-03-02,6759.0,6680.0,6788.0,6646.0,73314.0,43432
2020-03-03,6701.0,6808.0,6850.0,6700.0,78601.0,50841
2020-03-04,6759.0,6752.0,6785.0,6714.0,77508.0,40547
2020-03-05,6751.0,6760.0,6777.0,6722.0,75870.0,37279
2020-03-06,6714.0,6730.0,6748.0,6660.0,73505.0,45951
2020-03-09,6434.0,6434.0,6434.0,6434.0,72647.0,1553
2020-03-10,6276.0,6000.0,6332.0,6000.0,68113.0,64130
2020-03-11,6189.0,6300.0,6350.0,6176.0,68980.0,35474
2020-03-12,6120.0,6150.0,6195.0,6011.0,69564.0,51533
2020-03-13,6083.0,6030.0,6098.0,5923.0,66856.0,54584
2020-03-16,5943.0,6065.0,6075.0,5939.0,64478.0,56941
2020-03-17,5776.0,5900.0,5945.0,5776.0,71276.0,103445
2020-03-18,5400.0,5692.0,5695.0,5400.0,71188.0,133892
2020-03-19,5061.0,5110.0,5278.0,5061.0,63573.0,96187
2020-03-20,5177.0,5288.0,5313.0,4984.0,62913.0,192060
2020-03-23,4832.0,4723.0,5000.0,4658.0,62829.0,134934
2020-03-24,4783.0,4900.0,4916.0,4573.0,62858.0,147460
2020-03-25,4561.0,4663.0,4746.0,4505.0,78514.0,221048
2020-03-26,4612.0,4534.0,4706.0,4466.0,86579.0,223459
2020-03-27,4645.0,4651.0,4698.0,4520.0,92488.0,199424
2020-03-30,4341.0,4550.0,4597.0,4338.0,80809.0,201547
2020-03-31,4425.0,4378.0,4599.0,4366.0,82014.0,208540
2020-04-01,4424.0,4396.0,4485.0,4380.0,78269.0,97146
2020-04-02,4666.0,4380.0,4777.0,4380.0,74460.0,182364
2020-04-03,4884.0,4756.0,4920.0,4620.0,66333.0,142198
2020-04-07,4940.0,4978.0,4994.0,4853.0,58340.0,134277
2020-04-08,4999.0,4880.0,5066.0,4791.0,49438.0,112475
2020-04-09,5392.0,5124.0,5392.0,5000.0,53919.0,214241
2020-04-10,5299.0,5284.0,5513.0,5230.0,45230.0,315699
2020-04-13,5362.0,5385.0,5617.0,5288.0,38500.0,177651
2020-04-14,5220.0,5398.0,5398.0,5128.0,32541.0,113390
2020-04-15,5222.0,5125.546361285556,5293.3756926486885,5051.277059475434,90989.0,162170
2020-04-16,5233.574436645733,5160.269671222756,5303.021056520133,5160.269671222756,95343.0,158744
2020-04-17,5330.028075360177,5304.9501292944215,5447.701514591799,5262.510528260066,99776.0,196991
2020-04-20,5351.247875877355,5209.461026967122,5357.9996305873665,5189.205762837089,105949.0,131163
2020-04-21,5015.58921315109,5295.304765422978,5349.318803103066,4885.37680088659,103015.0,300601
2020-04-22,4648.100849649058,4774.455116364979,4864.157000369412,4648.100849649058,106368.0,243539
2020-04-23,5116.865533801256,4745.519024750646,5130.369043221278,4744.554488363502,113223.0,285919
2020-04-24,5113.0073882526785,5160.269671222756,5205.602881418545,5018.482822312523,112043.0,253528
2020-04-27,5137.120797931289,5102.39748799409,5237.432582194311,5042.596231991134,109721.0,200544
2020-04-28,5164.1278167713335,5100.468415219801,5226.822681935722,5075.390469154045,114904.0,194034
2020-04-29,5262.510528260066,5208.496490579978,5297.233838197267,5208.496490579978,113970.0,137626
2020-04-30,5333.886220908755,5388.864794975988,5389.829331363133,5267.3332101957885,111767.0,100450
2020-05-06,5521.970816401921,5594.311045437754,5603.9564093091985,5460.2404876246765,118527.0,120518
2020-05-07,5331.9571481344665,5497.85740672331,5526.7934983376435,5321.347247875878,128057.0,205031
2020-05-08,5338.708902844477,5403.332840783155,5418.765422977466,5247.077946065756,123657.0,194432
2020-05-11,5252.865164388622,5319.4181751015885,5379.219431104544,5231.645363871445,125678.0,116671
2020-05-12,5258.652382711489,5292.411156261544,5300.1274473587,5200.780199482822,122850.0,105218
2020-05-13,5289.517547100111,5280.836719615811,5365.715921684522,5166.056889545623,122107.0,184650
2020-05-14,5312.666420391577,5314.595493165866,5346.425193941633,5242.2552641300335,122473.0,115359
2020-05-15,5389.829331363133,5304.9501292944215,5427.446250461766,5280.836719615811,125021.0,130023
2020-05-18,5527.758034724788,5401.403768008866,5595.275581824899,5355.106021425932,130004.0,161349
2020-05-19,5536.438862209087,5555.729589951977,5680.154783893609,5480.49575175471,128671.0,202625
2020-05-20,5575.020317694865,5546.084226080532,5611.672700406354,5508.467306981899,130118.0,120974
2020-05-21,5566.339490210566,5575.020317694865,5618.424455116365,5529.687107499077,128622.0,142624
2020-05-22,5408.155522718877,5575.020317694865,5637.715182859254,5387.900258588844,122826.0,184028
2020-05-25,5499.7864794975985,5411.049131880311,5525.8289619504985,5372.467676394533,122163.0,110913
2020-05-26,5487.2475064647215,5519.077207240488,5541.26154414481,5468.921315108977,122825.0,81757
2020-05-27,5526.7934983376435,5526.7934983376435,5562.481344661987,5445.77244181751,120899.0,112098
2020-05-28,5469.885851496121,5517.148134466199,5541.26154414481,5406.226449944588,119725.0,123815
2020-05-29,5468.921315108977,5484.353897303287,5540.297007757666,5449.630587366088,117706.0,104111
2020-06-01,5588.523827114887,5468.921315108977,5600.09826376062,5442.878832656077,115660.0,117554
2020-06-02,5598.169190986332,5584.66568156631,5642.537864794976,5546.084226080532,116117.0,82354
2020-06-03,5739.956039896564,5603.9564093091985,5775.643886220909,5595.275581824899,129515.0,148721
2020-06-04,5604.920945696343,5710.055411895087,5724.523457702254,5582.736608792021,121767.0,113950
2020-06-05,5667.6158108607315,5604.920945696343,5681.1193202807535,5582.736608792021,122276.0,73092
2020-06-08,5694.622829700776,5738.99150350942,5773.71481344662,5655.0768378278535,121205.0,84790
2020-06-09,5639.644255633542,5679.190247506464,5707.1618027336535,5615.5308459549315,121963.0,73088
2020-06-10,5642.537864794976,5632.892500923532,5685.942002216476,5608.779091244921,121153.0,64098
2020-06-11,5575.020317694865,5642.537864794976,5661.828592537865,5559.587735500554,122393.0,77761
2020-06-12,5478.566678980421,5547.048762467676,5554.765053564832,5382.113040265977,117997.0,106151
2020-06-15,5465.063169560399,5504.609161433321,5575.020317694865,5422.6235685260435,115747.0,85589
2020-06-16,5587.559290727743,5470.850387883265,5592.381972663465,5455.417805688955,113021.0,75466
2020-06-17,5563.4458810491315,5618.424455116365,5651.218692279276,5537.403398596232,113420.0,65602
2020-06-18,5593.34650905061,5563.4458810491315,5611.672700406354,5540.297007757666,112971.0,52292
2020-06-19,5633.857037310676,5622.282600664943,5671.473956409309,5580.807536017732,111141.0,59351
2020-06-22,5552.835980790543,5652.18322866642,5657.005910602143,5532.58071666051,112209.0,78118
2020-06-23,5568.268562984854,5563.4458810491315,5599.133727373476,5516.183598079055,111367.0,62446
2020-06-24,5552.835980790543,5575.020317694865,5588.523827114887,5531.616180273365,110589.0,44806
2020-06-29,5438.056150720355,5452.524196527521,5516.183598079055,5421.659032138899,114918.0,53353
2020-06-30,5459.275951237532,5458.311414850388,5495.928333949021,5445.77244181751,113671.0,47434
2020-07-01,5459.275951237532,5449.630587366088,5478.566678980421,5355.106021425932,118512.0,124744
2020-07-02,5484.353897303287,5449.630587366088,5497.85740672331,5405.261913557444,116174.0,78671
2020-07-03,5512.3254525304765,5478.566678980421,5546.084226080532,5459.275951237532,113336.0,76188
2020-07-06,5540.297007757666,5499.7864794975985,5567.30402659771,5435.1625415589215,112832.0,144290
2020-07-07,5496.892870336165,5540.297007757666,5584.66568156631,5478.566678980421,110908.0,125164
2020-07-08,5511.360916143332,5509.431843369043,5544.155153306243,5473.7439970446985,109937.0,66267
2020-07-09,5480.49575175471,5511.360916143332,5535.474325821943,5456.382342076099,116268.0,74377
2020-07-10,5305.9146656815665,5479.531215367566,5488.212042851866,5304.9501292944215,138347.0,159280
2020-07-13,5388.864794975988,5338.708902844477,5437.091614333211,5332.921684521611,131042.0,96890
2020-07-14,5400.439231621722,5378.254894717399,5425.517177687477,5272.155892131511,126216.0,125164
2020-07-15,5466.992242334688,5399.474695234577,5484.353897303287,5385.971185814555,112519.0,113562
2020-07-16,5431.304396010343,5468.921315108977,5496.892870336165,5418.765422977466,108442.0,76164
2020-07-17,5362.822312523088,5404.297377170299,5454.45326930181,5330.028075360177,112003.0,83944
2020-07-20,5399.474695234577,5382.113040265977,5428.41078684891,5335.815293683044,111324.0,85639
2020-07-21,5374.396749168822,5372.467676394533,5425.517177687477,5353.176948651644,109519.0,66411
2020-07-22,5393.68747691171,5419.72995936461,5449.630587366088,5380.183967491688,106230.0,84820
2020-07-23,5498.821943110454,5394.652013298854,5514.254525304766,5324.240857037311,112563.0,137523
2020-07-24,5476.637606206133,5484.353897303287,5555.729589951977,5432.268932397488,109942.0,159225
2020-07-27,5525.8289619504985,5491.105652013299,5530.651643886221,5459.275951237532,108084.0,77133
2020-07-28,5470.850387883265,5521.970816401921,5538.3679349833765,5440.949759881788,107492.0,84918
2020-07-29,5492.070188400443,5468.921315108977,5512.3254525304765,5456.382342076099,107950.0,61756
2020-07-30,5431.304396010343,5497.85740672331,5511.360916143332,5384.042113040266,104183.0,98533
2020-07-31,5362.822312523088,5431.304396010343,5442.878832656077,5356.070557813077,104846.0,97277
2020-08-03,5324.240857037311,5353.176948651644,5372.467676394533,5315.56002955301,105655.0,75561
2020-08-04,5347.389730328778,5344.4961211673435,5410.084595493166,5327.134466198744,101220.0,71234
2020-08-05,5354.141485038788,5338.708902844477,5397.5456224602885,5320.382711488733,97453.0,53654
2020-08-06,5372.467676394533,5399.474695234577,5406.226449944588,5330.028075360177,97660.0,61995
2020-08-07,5239.3616549686,5382.113040265977,5391.758404137421,5229.716291097156,104990.0,106191
2020-08-10,5240.326191355744,5256.7233099372,5256.7233099372,5133.262652382711,101072.0,103991
2020-08-11,5251.900628001477,5240.326191355744,5322.311784263022,5214.283708902844,91367.0,73623
2020-08-12,5244.184336904322,5251.900628001477,5266.368673808644,5194.028444772811,87568.0,58658
2020-08-13,5250.936091614333,5247.077946065756,5271.191355744367,5208.496490579978,83616.0,45020
2020-08-14,5184.383080901367,5250.936091614333,5276.978574067233,5179.560398965645,84746.0,53194
2020-08-17,5134.227188769856,5189.205762837089,5196.922053934245,5119.759142962689,84613.0,60082
2020-08-18,5066.709641669745,5124.5818248984115,5156.411525674178,5058.993350572589,76869.0,67507
2020-08-19,4926.851865533801,5069.603250831178,5085.035833025489,4911.41928333949,66714.0,96588
2020-08-20,4975.078684891023,4890.199482822312,5055.135205024012,4890.199482822312,51691.0,64420
2020-08-21,5111.078315478389,5010.766531215368,5115.900997414112,4958.681566309568,38026.0,58966
2020-08-24,5222.964536387145,5149.91608133278,5222.964536387145,5128.0015448164695,81507.0,81239
2020-08-25,5219.312113634427,5222.964536387145,5243.965967215276,5191.005837300861,84098.0,61642
2020-08-26,5151.742292709138,5222.964536387145,5232.095593268941,5131.653967569188,87313.0,81282
2020-08-27,5242.139755838916,5153.568504085498,5250.357707032532,5142.611235827343,95215.0,82593
2020-08-28,5230.269381892582,5242.139755838916,5277.75087767792,5188.266520236321,94508.0,79187
2020-08-31,5279.577089054279,5225.703853451684,5303.317836946947,5224.790747763504,98273.0,57136
2020-09-01,5281.4033004306375,5283.229511806997,5295.099885753331,5218.399007946247,98106.0,63604
2020-09-02,5327.058584839616,5300.578519882409,5369.061446495876,5292.360568688792,98826.0,99427
2020-09-03,5272.272243548842,5327.9716905277955,5337.102747409592,5254.92323547343,95554.0,68593
2020-09-04,5237.574227398019,5256.749446849789,5279.577089054279,5201.049999870836,87760.0,79386
2020-09-07,5188.266520236321,5245.792178591634,5302.404731258768,5173.656829225449,89436.0,93431
2020-09-08,5145.350552891881,5196.484471429938,5217.485902258068,5136.219496010086,88007.0,78436
2020-09-09,5117.9573822464945,5113.391853805597,5164.5257723436525,5037.604081686693,83306.0,96066
2020-09-10,5217.485902258068,5124.349122063752,5247.618389967994,5096.955951418365,95694.0,136254
2020-09-11,5199.223788494476,5239.400438774377,5239.400438774377,5163.612666655473,94280.0,73887
2020-09-14,5243.052861527096,5232.095593268941,5263.141186667046,5146.263658580061,100784.0,87569
2020-09-15,5213.83347950535,5245.792178591634,5277.75087767792,5204.7024226235535,100623.0,101330
2020-09-16,5277.75087767792,5256.749446849789,5281.4033004306375,5207.441739688093,105840.0,105674
2020-09-17,5243.052861527096,5285.055723183356,5300.578519882409,5223.877642075325,105099.0,72718
2020-09-18,5306.970259699666,5232.095593268941,5347.146909979567,5232.095593268941,115810.0,124486
2020-09-21,5246.705284279814,5296.926097129691,5305.144048323306,5233.00869895712,108991.0,83214
2020-09-22,5139.871918762804,5241.2266501507365,5241.2266501507365,5085.998683160209,95756.0,108013
2020-09-23,5177.309251978167,5139.871918762804,5184.6140974836035,5115.218065181955,96736.0,76749
2020-09-24,5104.260796923801,5177.309251978167,5199.223788494476,5088.738000224748,97075.0,80128
2020-09-25,5133.480178945547,5099.695268482903,5164.5257723436525,5071.388992149336,92155.0,70136
2020-09-28,5154.4816097736775,5154.4816097736775,5227.530064828043,5118.870487934674,86103.0,83546
2020-09-29,5172.743723537269,5188.266520236321,5222.964536387145,5152.655398397318,85745.0,61084
2020-09-30,5109.739431052878,5165.438878031832,5175.483040601807,5056.779301138463,77608.0,85409
2020-10-09,5157.220926838216,5175.483040601807,5249.444601344353,5149.91608133278,81578.0,49251
2020-10-12,5241.2266501507365,5160.873349590935,5245.792178591634,5139.871918762804,90791.0,80147
2020-10-13,5425.67399916301,5255.83634116161,5451.240958432038,5250.357707032532,120742.0,188850
2020-10-14,5634.7752017561315,5442.109901550242,5761.6968924130915,5419.282259345753,147844.0,467578
2020-10-15,5655.776632584261,5661.25526671334,5705.0843397459585,5577.249543400819,143840.0,209420
2020-10-16,5636.601413132491,5628.3834619388745,5720.607136445011,5584.554388906256,137919.0,208446
2020-10-19,5774.480372047606,5652.124209831543,6042.9334443724,5652.124209831543,144634.0,396701
2020-10-20,5863.964729489204,5811.917705262968,5905.0544854572845,5774.480372047606,144807.0,175375
2020-10-21,5848.441932790151,5916.924859403619,6095.893574286815,5828.3536076502005,139060.0,345024
2020-10-22,5940.665607296288,5853.920566919229,5959.840826748059,5752.565835531296,144436.0,213699
2020-10-23,5726.085770574089,5945.2311357371855,5947.057347113545,5721.520242133191,133268.0,187021
2020-10-26,5806.439071133891,5766.26242085399,5898.662745640027,5737.043038832244,130337.0,164762
2020-10-27,5877.661314811898,5796.394908563916,5943.404924360827,5761.6968924130915,138574.0,205350
2020-10-28,6025.584436296988,5953.449086930802,6049.325184189657,5909.620013898182,147428.0,240808
2020-10-29,6238.338061642828,6023.758224920629,6264.818126600036,5983.581574640728,179280.0,407484
2020-10-30,6159.810972459385,6199.987622739286,6342.432110095299,6097.719785663174,154798.0,492186
2020-11-02,6395.392240009714,6181.7255089756945,6410.915036708767,6103.198419792251,164508.0,314155
2020-11-03,6356.128695417992,6380.782548998841,6429.177150472358,6285.819557428165,152494.0,228916
2020-11-04,6643.756987194557,6468.44069506408,6668.410840775406,6412.741248085126,173960.0,423650
2020-11-05,6465.701377999541,6647.409409947276,6762.460726657901,6460.222743870464,159490.0,490501
2020-11-06,6382.6087603752,6499.486288462185,6553.35952406478,6331.474841837144,146818.0,399610
2020-11-09,6748.764141335208,6428.264044784179,6756.982092528824,6419.132987902383,165287.0,497482
2020-11-10,6746.024824270669,6852.858189787679,6921.341116401147,6645.5831985709165,159238.0,442229
2020-11-11,6939.603230164738,6775.244206292416,6939.603230164738,6673.889474904483,169658.0,335552
2020-11-12,6939.603230164738,6968.822612186485,7030.913798982695,6855.5975068522175,171319.0,501185
2020-11-13,7177.010709091427,6908.557636766633,7187.967977349582,6892.121734379401,190442.0,551190
2020-11-16,7577.864106202258,7167.879652209631,7702.04647979468,7145.052010005142,197981.0,890486
2020-11-17,7268.321277909384,7441.811358663503,7487.466643072481,7177.923814779606,164027.0,980632
2020-11-18,7009.912368154565,7249.1460584576125,7262.842643780306,6994.389571455513,159185.0,808479
2020-11-19,6864.728563734014,7019.95653072454,7229.970839005842,6846.466449970422,156024.0,963408
2020-11-20,6872.946514927629,6893.94794575576,6936.863913100199,6787.11458023875,152691.0,577776
2020-11-23,6950.560498422893,6893.94794575576,7067.438026509878,6797.158742808725,149280.0,594957
2020-11-24,6647.409409947276,6950.560498422893,6981.606091820999,6598.101702785579,147243.0,502292
2020-11-25,6702.1957512380495,6630.973507560044,6746.024824270669,6611.798288108273,131921.0,249499
2020-11-26,6711.326808119846,6708.587491055307,6882.990677497605,6620.016239301888,142641.0,488976
2020-11-27,6877.512043368528,6711.326808119846,6878.425149056707,6610.885182420093,138335.0,351105
2020-11-30,6960.604660992868,6893.94794575576,7097.570514219804,6813.594645195957,139580.0,408446
2020-12-01,6767.026255098799,6988.9109373264355,7030.000693294516,6766.11314941062,128141.0,288609
2020-12-02,6682.1074260980995,6767.939360786979,6816.333962260496,6647.409409947276,131437.0,277061
2020-12-03,6711.326808119846,6665.671523710867,6793.506320056007,6565.2298980111145,123291.0,213114
2020-12-04,6473.919329193157,6692.1515886680745,6707.674385367127,6433.742678913256,124723.0,298099
2020-12-07,6656.540466829071,6449.265475612308,6683.933637474459,6411.8281423969465,111606.0,241229
2020-12-08,6518.6615079139565,6662.932206646328,6708.587491055307,6471.180012128619,106307.0,187695
2020-12-09,6327.822419084426,6475.745540569516,6626.407979119145,6302.255459815397,105871.0,227545
2020-12-10,6168.94202934118,6382.6087603752,6384.434971751559,6108.6770539213285,103322.0,221540
2020-12-11,6221.9021592555955,6172.594452093899,6272.122972105472,6103.198419792251,88539.0,174429
2020-12-14,6229.207004761032,6200.900728427466,6323.256890643528,6129.678484749459,83245.0,162217
2020-12-15,6240.164273019187,6254.773964030061,6295.863719998141,6064.84798088871,76577.0,205177
2020-12-16,6069.413509329607,6263.905020911856,6325.996207708066,6044.759655748759,77206.0,155170
2020-12-17,6283.080240363627,6076.718354835044,6286.732663116345,5999.10437133978,74389.0,194292
2020-12-18,6339.69279303076,6289.471980180884,6533.271198924829,6263.905020911856,58458.0,184644
2020-12-21,6094.067362910456,6339.69279303076,6369.825280740686,6072.152826394146,52828.0,112550
2020-12-22,5920.577282156337,6052.977606942375,6147.027492824871,5858.4860953601265,42739.0,109541
2020-12-23,5896.836534263668,6017.048036451887,6052.186783245367,5818.2367059098315,58477.0,225357
2020-12-24,5994.855143740217,5920.8788347013115,6108.593718887531,5906.083572893531,56192.0,181943
2020-12-25,5968.963435576599,5955.092877631805,6163.151246803724,5932.899984920134,60194.0,198512
2020-12-28,5668.43468010605,5964.339916261668,5968.963435576599,5636.070044901529,82157.0,358233
2020-12-29,5624.048894682708,5678.6064225989,5691.552276680708,5558.39492041068,83419.0,322465
2020-12-30,5719.293392570297,5659.187641476187,5767.377993445585,5614.801856052844,70904.0,282768
2020-12-31,5877.417753140955,5736.862765967037,5887.589495633805,5664.735864654105,57144.0,156813
2021-01-04,5884.815384044846,5894.987126537695,5931.975281057147,5763.67917799364,52965.0,87417
2021-01-05,5928.276465605202,5857.998972018243,6040.165633026545,5848.75193338838,46619.0,222357
2021-01-06,6103.0454957096135,5945.845839001942,6184.4194356524085,5943.996431275969,48554.0,317611
2021-01-07,6158.527727488792,6084.551418449888,6223.256997897834,5975.436362617504,51510.0,255339
2021-01-08,6193.666474282272,6172.398285433586,6283.362748991944,6043.86444847849,47439.0,249542
2021-01-11,6176.097100885532,6168.699469981641,6366.586096660711,6075.304379820025,43030.0,332150
2021-01-12,6249.14870606145,6214.934663130957,6295.383899210766,6057.735006423285,43990.0,276817
2021-01-13,6378.607246879533,6243.600482883532,6470.152929315177,6238.976963568601,50087.0,255004
2021-01-14,6185.344139515395,6372.1343198386285,6444.261221151561,6151.130096584901,38138.0,252080
2021-01-15,6278.739229677012,6198.289993597204,6350.8661309899435,6171.473581570601,43787.0,116021
2021-01-18,6341.619092360081,6278.739229677012,6814.142766346083,6222.332294034847,45411.0,152123
2021-01-19,6580.192689010547,6341.619092360081,6657.867813501397,6315.727384196464,64115.0,204264
2021-01-20,6588.515023777424,6580.192689010547,6731.844122540301,6529.333976546301,63147.0,180662
2021-01-21,6380.456654605506,6591.289135366383,6679.136002350082,6324.974422826327,58956.0,171864
2021-01-22,6353.640242578903,6380.456654605506,6483.098783396986,6230.654628801724,56211.0,172454
2021-01-25,6365.661392797724,6299.082714662711,6438.712997973643,6259.320448554299,45683.0,101572
2021-01-26,6429.46595934378,6296.429957350556,6487.783110902454,6281.850669460887,76141.0,271359
2021-01-27,6760.233553340633,6459.535740616221,6766.6119917923625,6458.624535123117,130344.0,439618
2021-01-28,6462.269357095534,6740.187032492338,6742.920648971652,6443.134041740344,94441.0,526318
2021-01-29,6650.88889416812,6487.783110902454,6656.356127126745,6346.546259471291,94202.0,543476
2021-02-01,6683.692291919873,6651.800099661224,6730.163772068192,6583.459687678403,91824.0,420489
2021-02-02,6789.3921291199695,6710.117251219897,6860.466157582103,6701.916401781959,91022.0,307506
2021-02-03,6763.87837531305,6820.373115885515,6879.601472937293,6659.089743606058,89176.0,224671
2021-02-04,6962.521172809782,6788.480923626866,6970.722022247721,6692.804346850916,104808.0,305399
2021-02-05,7004.436625492579,6940.65224097528,7020.838324368456,6908.76004871663,108070.0,290367
2021-02-08,7047.26328366848,7030.861584792603,7216.747505385875,6964.3435837959905,99566.0,384181
2021-02-09,7214.925094399667,7072.7770374754,7253.195725110047,7004.436625492579,100073.0,292113
2021-02-10,6996.23577605464,7208.546655947937,7209.457861441041,6947.941884920114,73209.0,272661
2021-02-18,7819.054336327803,7819.054336327803,7819.054336327803,7663.238197006972,92230.0,193586
2021-02-19,8028.631599741787,8000.384229455554,8135.242642434987,7823.610363793325,81296.0,455570
2021-02-22,8508.83689460774,8065.079819465957,8656.452184490634,8000.384229455554,80170.0,487373
2021-02-23,8423.18357825594,8527.061004469826,8729.348623938977,8235.475246676458,62298.0,477176
2021-02-24,8433.206838680086,8346.64231683518,8490.612784745656,8266.456233442002,46089.0,322615
2021-02-25,8723.88139098035,8492.435195731863,8949.86035327021,8342.086289369658,24922.0,359135
2021-02-26,9020.934381732344,8838.69328311149,9194.063425422157,8550.752347290538,8604.0,174886
2021-03-01,8793.133008456276,9074.663414276647,9328.040779514982,8699.289539849486,95508.0,634168
2021-03-02,8492.833908914545,8764.979967874238,8809.086398119429,8300.454798270624,87921.0,541821
2021-03-03,8484.387996739935,8557.585902253231,8736.8269272922,8345.499663201885,87573.0,428739
2021-03-04,8605.446071242694,8577.293030660658,8903.868301412289,8466.557737704645,97524.0,509507
2021-03-05,8677.705542069923,8596.061724382014,8858.823436481029,8507.848863891631,96896.0,495817
2021-03-08,8836.301004015399,8726.504145745454,9223.874529361445,8698.351105163418,102641.0,471208
2021-03-09,8276.993931118926,8755.59562101356,8861.638740539232,8237.579674304076,97003.0,396680
2021-03-10,8326.730969480526,8363.329922237175,8483.449562053867,8085.553255161075,96336.0,327514
2021-03-11,8429.958784947996,8382.098615958532,8475.942084565324,8173.766115651458,98654.0,280888
2021-03-12,8240.39497836228,8478.757388623528,8539.75564321794,8211.303503094174,99249.0,257300
2021-03-15,8227.256892757328,8220.687849954853,8497.526082344884,8051.76960646263,106326.0,390039
2021-03-16,8058.338649265105,8117.460034487383,8292.008886096013,8025.493435252729,102932.0,247108
2021-03-17,7816.222500259586,8048.954302404426,8048.954302404426,7793.700067793956,115204.0,293343
2021-03-18,7824.668412434196,7767.423896584055,7882.851362970407,7683.903209524011,101484.0,240759
2021-03-19,7371.4044590633985,7777.746678130801,7844.375540841623,7305.714031038645,119605.0,294574
2021-03-22,7579.736959370473,7374.219763121602,7636.981475220616,7324.482724760003,98600.0,225901
2021-03-23,7486.831925449751,7587.244436859017,7644.488952709159,7377.035067179806,100870.0,165372
2021-03-24,7673.580427977264,7394.865326215096,7715.809988850319,7362.958546888787,101703.0,256142
2021-03-25,7668.888254546924,7718.625292908523,7813.407196201382,7630.41243241814,97663.0,234461
2021-03-26,7845.313975527691,7648.242691453431,7874.405450795796,7620.089650871393,106370.0,265127
2021-03-29,7702.671903245369,7827.4837164924,7965.433615344383,7662.319211744449,97047.0,209385
2021-03-30,7895.05101388929,7754.285810979104,7901.620056691765,7715.809988850319,93388.0,168516
2021-03-31,7997.340394670691,7882.851362970407,8026.431869938797,7843.437106155555,97710.0,212454
2021-04-01,8392.421397505279,7997.340394670691,8398.990440307754,7997.340394670691,130945.0,286877
2021-04-02,8364.268356923243,8352.06870600436,8432.7740890062,8183.150462512137,115641.0,278385
2021-04-06,8585.738942835269,8304.208537014896,8629.84537308046,8270.424888316453,130846.0,181743
2021-04-07,8467.496172390713,8621.399460905848,8674.89023801172,8401.805744365958,127085.0,256988
2021-04-08,8160.628030046507,8464.680868332509,8500.341386403088,8118.398469173451,116719.0,287755
2021-04-09,8017.047523078118,8160.628030046507,8200.980721547427,8004.847872159235,100464.0,250091
2021-04-12,7998.278829356759,8023.616565880593,8131.536554778402,7931.649966645938,90149.0,218949
2021-04-13,8102.445079510297,8023.616565880593,8231.0106315016,7846.252410213759,94544.0,304263
2021-04-14,8362.391487551107,8184.088897198205,8371.775834411786,8076.168908300396,97309.0,243918
2021-04-15,8402.744179052026,8362.391487551107,8469.373041762849,8324.85410010839,104819.0,212000
2021-04-16,8406.497917796298,8402.744179052026,8536.00190447367,8314.531318561643,104593.0,235576
2021-04-19,8668.321195209244,8410.25165654057,8724.627276373318,8380.221746586398,113278.0,287724
2021-04-20,8864.454044597436,8668.321195209244,8868.207783341708,8638.29128525507,116925.0,279117
2021-04-21,8949.851601029615,8864.454044597436,9007.096116879758,8693.658931733078,131543.0,283327
2021-04-22,8651.429370860022,8933.89821136646,8933.89821136646,8610.138244673033,84918.0,323704
2021-04-23,8772.487445362782,8651.429370860022,8813.778571549768,8540.694077904009,58263.0,216482
2021-04-26,8671.136499267448,8772.487445362782,8943.28255822714,8640.168154627207,41111.0,149502
2021-04-27,8631.722242452595,8641.273777522256,8680.435071307866,8468.390992761393,133571.0,277426
2021-04-28,8615.484632834172,8631.722242452595,8739.654588739764,8523.789896165426,134743.0,235393
2021-04-29,8655.601080126748,8613.574325820238,8831.349325408508,8582.054260090357,136452.0,284903
2021-04-30,8535.251738249019,8663.242308182476,8767.35404044178,8481.763141858917,117842.0,263511
2021-05-06,8942.147132216576,8691.896913391458,8949.788360272305,8586.830027625188,126619.0,210105
2021-05-07,9323.253381496046,8942.147132216576,9328.029149030877,8895.344610375238,143067.0,296870
2021-05-10,9504.732547819605,9310.836385905488,9658.512262441147,9179.025201944167,131839.0,259254
2021-05-11,9358.594061253792,9504.732547819605,9505.687701326571,9223.917416771574,123170.0,223510
2021-05-12,9446.468183894673,9347.1322191702,9620.306122162503,9255.437482501455,121877.0,280378
2021-05-13,9311.791539412454,9446.468183894673,9782.682218346737,9174.249434409336,112392.0,367296
2021-05-14,9317.52246045425,9301.284850835827,9403.4862760812,9112.16445645654,108284.0,289509
2021-05-17,9483.71917066635,9393.934741011539,9655.646801920248,9361.45952177469,116019.0,267388
2021-05-18,9579.23452136296,9436.916648825012,9733.014235984501,9427.365113755352,111447.0,246137
2021-05-19,9463.660947020064,9579.23452136296,9645.140113343621,9319.432767468183,100628.0,242200
2021-05-20,9296.509083300996,9360.504368267724,9400.6208155603,9050.079478503743,93845.0,263028
2021-05-21,8883.882768291644,9169.473666874506,9255.437482501455,8882.927614784678,80071.0,242713
2021-05-24,8811.291101762221,8892.479149854338,8972.71204443949,8761.623119399983,53872.0,226778
2021-05-25,8888.658535826475,8811.291101762221,8938.32651818871,8769.264347455712,40099.0,159398
2021-05-26,8767.35404044178,8854.273009575694,8909.671912979727,8645.09439155012,27848.0,91901
2021-05-27,8453.108536649936,8832.344869030974,8869.9714503116,8431.324726434836,143406.0,299872
2021-05-28,8415.48195536931,8446.177324308768,8777.885343493226,8354.091217490395,137998.0,348114
2021-05-31,8653.123521352207,8416.472128560905,8666.985946034541,8416.472128560905,117855.0,271845
2021-06-01,8838.285908180545,8713.524086039526,8877.892835844363,8640.251269861466,98287.0,251601
2021-06-02,8825.413656689805,8961.067383938376,9098.701457570136,8822.44313711502,90836.0,240855
2021-06-03,8954.136171597207,8875.91248946117,9109.593362677686,8855.118852437668,90098.0,242126
2021-06-04,8799.669153708326,8954.136171597207,8969.978942662734,8698.671488165595,87889.0,234435
2021-06-07,8495.685983888538,8852.148332862882,8889.774914143507,8465.980788140676,97238.0,250274
2021-06-08,8503.607369421301,8515.489447720445,8559.057068150643,8243.19182003171,99382.0,331509
2021-06-09,8436.275592392813,8475.88252005663,8482.813732397797,8297.651345569457,107240.0,277580
2021-06-10,8205.565238751085,8371.914334939112,8452.11836345834,8172.889523428436,118783.0,275069
2021-06-11,8354.091217490395,8248.142685989687,8425.383687285264,8206.55541194268,99866.0,315257
2021-06-15,8410.531089411334,8436.275592392813,8505.587715804491,8114.469305124308,96318.0,223281
2021-06-16,8521.430486870018,8410.531089411334,8551.13568261788,8368.943815364326,85840.0,209309
2021-06-17,8437.265765584409,8510.538581762468,8515.489447720445,8267.946149821595,69577.0,237510
2021-06-18,8351.120697915609,8437.265765584409,8437.265765584409,8213.486624283849,60194.0,219727
2021-06-21,8205.565238751085,8307.55307748541,8391.71779877102,8157.04675236291,53567.0,194106
